<?xml version="1.0" encoding="UTF-8"?>
<!-- Generated by JClic - https://projectestac.github.io/jclic -->
<manifest identifier="JClic-87140A" version="1.0" xmlns="http://www.imsproject.org/xsd/imscp_rootv1p1p2" xmlns:adlcp="http://www.adlnet.org/xsd/adlcp_rootv1p2" xmlns:xsi="http://www.w3.org/2001/XMLSchema-instance" xsi:schemaLocation= "http://www.imsproject.org/xsd/imscp_rootv1p1p2 imscp_rootv1p1p2.xsd http://www.imsglobal.org/xsd/imsmd_rootv1p2p1 imsmd_rootv1p2p1.xsd http://www.adlnet.org/xsd/adlcp_rootv1p2 adlcp_rootv1p2.xsd">
 <metadata> 
  <schema>ADL SCORM</schema>
  <schemaversion>1.2</schemaversion>
 </metadata> 
 <organizations default="JClic">  
  <organization identifier="JClic">  
   <title>Memonúm</title>
   <item identifier="ITEM_JClic-87140A" identifierref="RES_JClic-87140A">
    <title>Memonúm</title>
   </item>
  </organization>
 </organizations>
 <resources>
  <resource identifier="RES_JClic-87140A" type="webcontent" href="/index.html" adlcp:scormtype="sco"> 
   <file href="0i01-fondo_de_memonum-resized.jpg"/>
   <file href="1i01-fondo_de_memonum-resized.jpg"/>
   <file href="accion_correcta.wav"/>
   <file href="accion_incorrecta.wav"/>
   <file href="berry_finaaaaaaal.png"/>
   <file href="cero_final.png"/>
   <file href="cinco_final.png"/>
   <file href="click_en_un_objeto.wav"/>
   <file href="correcto_final.mp3"/>
   <file href="cuatro_final.png"/>
   <file href="diez_final.png"/>
   <file href="dos_final.png"/>
   <file href="favicon.ico"/>
   <file href="fondo_de_memonum-resized.jpg"/>
   <file href="i01-click_en_un_objeto.wav"/>
   <file href="i01-fondo_de_memonum-resized.jpg"/>
   <file href="icon-192.png"/>
   <file href="icon-72.png"/>
   <file href="imsmanifest.xml"/>
   <file href="incorrecto_final.mp3"/>
   <file href="index.html"/>
   <file href="intro_del_juego.mp3"/>
   <file href="memonum.jclic"/>
   <file href="memonum.jclic.js"/>
   <file href="nivel-2.png"/>
   <file href="nivel-3.png"/>
   <file href="nivel_3.jpg"/>
   <file href="nueve_final.png"/>
   <file href="ocho_final.png"/>
   <file href="project-cover.jpg"/>
   <file href="project-thumb.jpg"/>
   <file href="project.json"/>
   <file href="seis_final.png"/>
   <file href="siete_final.png"/>
   <file href="tres_final.png"/>
   <file href="uno_final.png"/>
  </resource>
 </resources>
</manifest>